"u_id","name","nid","mobile","house","street","thana","city","district","division","age","op_id"
1112,"Sue Williams","96707566754","01906876164","6777","Azimpur Road","Bashundhara R/A","Faridpur","Sylhet","Rajshahi","67",5
1388,"Paige Lang","74679216607","01870460568","4415","Malibagh Road","Malibagh","Tangail","Bogra","Mymensingh","25",2
1425,"Anthony Williams","19285242107","01759544294","11327","New Elephant Road","Bashundhara R/A","Tangail","Noakhali","Khulna","27",2
1560,"Mary Hull","1216943285","01926086982","9574","Mirpur Road","Farmgate","Dhaka","Munshiganj","Chittagong","23",1
1638,"Emily Cobb","41044421315","01793459626","6901","Mirpur Road","Mirpur","Meherpur","Rangpur","Chittagong","65",2
2196,"Matthew Bell","94472046864","01795786069","2634","Uttara Expressway","Dhanmondi","Dinajpur","Lakshmipur","Sylhet","19",2
2383,"Arthur Clark","96291554256","01967045023","61145","Mirpur Road","Maghbazar","Dhaka","Barisal","Barisal","27",4
2766,"Tonya Brown","32009575534","01919113599","1804","Baily Road","Mirpur DOHS","Jessore","Feni","Rajshahi","20",4
2834,"Crystal Ward","28825845006","01800666155","28681","Uttara Expressway","Mirpur DOHS","Khulna","Bogra","Mymensingh","59",2
2841,"Angela Cannon","86083178477","01876872904","042","New Elephant Road","New Elephant Road","Habiganj","Habiganj","Khulna","26",5
2993,"Jason Roberts","8274527109","01731795563","934","Banani Street","Gulshan","Madaripur","Rangpur","Khulna","48",5
3157,"Diana Ferguson","20426514587","01865290603","7532","Mirpur Road","Dhanmondi","Barisal","Pabna","Dhaka","68",2
3230,"Darren Anderson","15290630101","01940148439","937","Gopibag Lane","Gulshan","Chittagong","Cox's Bazar","Sylhet","26",4
3400,"Alexa Pierce","2962357211","01946430394","19565","Puran Dhaka Lane","Maghbazar","Dhaka","Narayanganj","Khulna","64",5
3487,"Jacob Lewis","10689054480","01772450184","5511","Lalmatia Street","Farmgate","Cox's Bazar","Pabna","Barisal","48",4
3592,"James Perry","36267479189","01919793164","100","Shyamoli Avenue","Shyamoli","Habiganj","Habiganj","Rajshahi","27",3
3625,"Mackenzie Smith","86628543243","01762669335","22092","Gulshan Avenue","Mohakhali","Narayanganj","Barisal","Sylhet","25",5
3759,"Sarah Carter","65121187267","01974381199","41436","Basabo Avenue","Moghbazar","Comilla","Sunamganj","Mymensingh","60",4
4094,"Chelsea Anderson","22300300147","01734210890","93771","Gazipur Bypass","Puran Dhaka","Faridpur","Munshiganj","Dhaka","38",2
4313,"Kristie Parker","72138894500","01744505665","19789","Badda Road","Badda","Bhola","Mymensingh","Mymensingh","31",5
4417,"Martha Patel","32854548259","01807763369","831","Mirpur DOHS Road","Farmgate","Khulna","Rajshahi","Barisal","55",5
4421,"Joshua Washington","61706102452","01742643350","1743","Puran Dhaka Lane","Azimpur","Habiganj","Tangail","Dhaka","42",4
4707,"Margaret Crawford","59530562476","01928963406","64198","Uttara Expressway","Tejgaon","Habiganj","Rangpur","Sylhet","48",3
4996,"Kevin Gregory","93777023063","01997718051","9178","Banani Street","New Elephant Road","Sylhet","Tangail","Dhaka","48",1
5014,"Jessica Carter MD","11572474191","01997327819","015","Mirpur DOHS Road","Jatrabari","Sunamganj","Meherpur","Chittagong","33",1
5153,"Carl Johnson","5393658157","01855347057","61720","Bashundhara R/A Street","Malibagh","Narayanganj","Cox's Bazar","Mymensingh","28",5
5183,"Stephanie Jones","6401934124","01902166670","96052","Mirpur DOHS Road","Lalmatia","Chittagong","Meherpur","Barisal","41",5
5300,"Breanna King","14732830003","01912565237","2683","Banani Street","Shantinagar","Sylhet","Jhenaidah","Rajshahi","62",4
5306,"Rhonda Mccormick","86473345595","01756082137","9368","Mirpur DOHS Road","Farmgate","Sylhet","Faridpur","Rajshahi","36",3
5576,"Judy Roach","39761531678","01985524578","795","Shyamoli Avenue","Khilgaon","Sylhet","Noakhali","Mymensingh","39",5
5589,"Valerie Mitchell","12297017291","01996010548","8451","Moghbazar Street","Shyamoli","Meherpur","Gazipur","Dhaka","48",1
5895,"Dana Reilly","70292192216","01789721540","970","Tejgaon Industrial Area","Mirpur DOHS","Habiganj","Narayanganj","Dhaka","58",4
6030,"Susan Murphy","25124367719","01868182683","1415","Puran Dhaka Lane","Mirpur DOHS","Noakhali","Comilla","Mymensingh","19",3
6281,"Jenna Wall","83451605648","01824395873","5083","Gazipur Bypass","Mirpur DOHS","Narsingdi","Meherpur","Khulna","63",2
6317,"Daniel Robinson","76554917257","01962294938","1682","Gulshan Avenue","Shyamoli","Comilla","Jhenaidah","Barisal","52",3
6335,"Joshua Randolph","80977883355","01979643474","093","Moghbazar Street","Puran Dhaka","Gazipur","Jhenaidah","Rajshahi","40",3
6589,"Patricia Lee","66921282446","01888471270","0004","Jatrabari Lane","Azimpur","Rangpur","Kushtia","Sylhet","28",1
6840,"Eric Pierce","53412357252","01879083350","3126","Tejgaon Industrial Area","Malibagh","Sylhet","Jhenaidah","Barisal","22",5
6981,"Dawn Gordon","42899659859","01720734654","2718","Gopibag Lane","Jatrabari","Dhaka","Madaripur","Dhaka","39",4
6989,"Christine Garcia","44714680531","01917793238","5460","Puran Dhaka Lane","Siddikbazar","Barisal","Comilla","Rajshahi","23",1
7500,"Noah Parker","97753093302","01809775396","4069","Shyamoli Avenue","Banani","Tangail","Dinajpur","Khulna","52",1
7616,"Sharon Logan","91592744181","01891334245","3945","Bashundhara R/A Street","Shyamoli","Noakhali","Narsingdi","Barisal","51",3
7649,"Zachary Clark","76531593168","01892529858","351","Moghbazar Street","Tejgaon","Sunamganj","Meherpur","Sylhet","59",5
7908,"Jamie Brown","33159493925","01714448564","052","Moghbazar Street","Gulshan","Dhaka","Sylhet","Rajshahi","69",2
8078,"Cheryl Summers","76312046396","01941758231","37770","Gazipur Bypass","Mohakhali","Mymensingh","Gazipur","Barisal","37",5
8163,"Amanda Lyons","28959361448","01785874951","6054","Kakrail Road","Gulshan","Narsingdi","Khulna","Barisal","67",5
8210,"Victor Carter","54762694445","01811325797","60963","Motijheel Avenue","Gazipur","Noakhali","Jessore","Rajshahi","63",2
8368,"Jennifer Webb","35562879310","01869660606","68427","Moghbazar Street","Malibagh","Madaripur","Barisal","Sylhet","67",1
8472,"Wesley Ayers","92368864306","01709484131","6743","Azimpur Road","Azimpur","Barisal","Rangpur","Khulna","21",2
8475,"Ethan Hill","63683210696","01746947258","27309","New Elephant Road","Lalmatia","Gazipur","Pabna","Khulna","34",2
8548,"Daniel Olsen","15668059406","01980660392","00837","Dhanmondi Road","Malibagh","Jhenaidah","Sylhet","Khulna","44",4
8731,"Heather Barry","42374236685","01749392523","212","Gazipur Bypass","Tejgaon","Madaripur","Rajshahi","Mymensingh","28",2
8897,"Laura Garcia","50054748375","01776015343","19019","Mohakhali Boulevard","Puran Dhaka","Narayanganj","Dinajpur","Mymensingh","64",2
9053,"Wendy Grimes","13852810867","01745475749","593","Shantinagar Road","Gopibag","Chittagong","Cox's Bazar","Chittagong","27",3
9109,"Paul Owens","41274088550","01796417899","32866","Tejgaon Industrial Area","Gopibag","Rangpur","Sunamganj","Rajshahi","42",5
9611,"Dennis Moody","51473251734","01929880858","94295","Mohakhali Boulevard","Bashundhara R/A","Rangpur","Rajshahi","Khulna","28",2
9700,"Rodney Robbins","27908182417","01802155732","709","Jatrabari Lane","Shyamoli","Comilla","Tangail","Khulna","39",3
9761,"Richard Davis","66063057643","01981079833","12074","Shantinagar Road","Siddikbazar","Bhola","Rajshahi","Rajshahi","59",2
9886,"Sara Thompson","52942843805","01939749096","18414","Basabo Avenue","Azimpur","Sylhet","Bhola","Sylhet","67",2
9966,"Sarah Huff","58354117960","01956527155","108","Gopibag Lane","Badda","Bhola","Madaripur","Mymensingh","32",3
